{"cameraMode":{"drawMode":0,"name":"Shaded","section":"Shading Mode"},"sceneLighting":true,"audioPlay":false,"sceneViewState":{"m_AlwaysRefresh":false,"showFog":true,"showSkybox":true,"showFlares":true,"showImageEffects":true,"showParticleSystems":true,"showVisualEffectGraphs":true,"m_FxEnabled":false},"in2DMode":false,"pivot":{"x":22.354406356811525,"y":35.46688461303711,"z":22.527313232421876},"rotation":{"x":0.06705314666032791,"y":-0.9097659587860107,"z":0.16156774759292603,"w":0.3768128454685211},"size":35.507041931152347,"orthographic":false}