{"cameraMode":{"drawMode":0,"name":"Shaded","section":"Shading Mode"},"sceneLighting":false,"audioPlay":false,"sceneViewState":{"m_AlwaysRefresh":false,"showFog":true,"showSkybox":false,"showFlares":true,"showImageEffects":true,"showParticleSystems":true,"showVisualEffectGraphs":true,"m_FxEnabled":false},"in2DMode":false,"pivot":{"x":1.2658309936523438,"y":-5.906813621520996,"z":44.291099548339847},"rotation":{"x":-0.09616392850875855,"y":-0.013420798815786839,"z":0.001431942917406559,"w":-0.9954070448875427},"size":40.260093688964847,"orthographic":false}