{"cameraMode":{"drawMode":0,"name":"Shaded","section":"Shading Mode"},"sceneLighting":true,"audioPlay":false,"sceneViewState":{"m_AlwaysRefresh":false,"showFog":true,"showSkybox":false,"showFlares":true,"showImageEffects":true,"showParticleSystems":true,"showVisualEffectGraphs":true,"m_FxEnabled":true},"in2DMode":false,"pivot":{"x":-110.49312591552735,"y":-79.99269104003906,"z":160.8274688720703},"rotation":{"x":0.18526147305965424,"y":-0.29213643074035647,"z":0.057846102863550189,"w":0.9365400075912476},"size":109.84321594238281,"orthographic":false}